!list-keyword|info agenda yang-dibawa angket
!info|beasiswa kost ukt daful2
!info-beasiswa|belum ada data
!info-kost|belum ada data
!info-ukt|belum ada data
!info-daful2|belum ada data
!agenda|camaba kuliah gath2
!agenda-camaba|belum ada data
!agenda-kuliah|belum ada data
!agenda-gath2|belum ada data
!yang-dibawa|daful2 ospek gath2
!yang-dibawa-daful2|belum ada data
!yang-dibawa-ospek|belum ada data
!yang-dibawa-gath2|belum ada data
!angket|gath2
!angket-gath2|belum ada data
!usmitb|Bayar-ukt
!usmitb-bayar-ukt|belum ada data
